article_time_str,article_time_datetime,link,title
2025-06-07T20:03,2025-06-07 20:03:00,https://www.interfax.ru//business/1030226,"Акционеры ""РусГидро"" выберут между отсутствием дивидендов или выплатой 0,0756 руб. на акцию"
2025-06-07T12:23,2025-06-07 12:23:00,https://www.interfax.ru//business/1030188,Итальянская Eni ликвидировала представительство в России
2025-06-07T11:30,2025-06-07 11:30:00,https://www.interfax.ru//russia/1030184,Путин подписал закон о ратификации соглашения о строительстве нефтепродуктопровода в Конго
2025-06-06T20:33,2025-06-06 20:33:00,https://www.interfax.ru//business/1030139,"ВЭБ готов стать ""более прозрачным"" для ЦБ, чтобы получить допинструменты пополнения капитала"
2025-06-06T20:16,2025-06-06 20:16:00,https://www.interfax.ru//business/1030138,Россия ввела пошлину на экспорт чистопородных овец и ягнят
2025-06-06T19:41,2025-06-06 19:41:00,https://www.interfax.ru//business/1030133,"Пошлина на экспорт пшеницы из РФ с 11 июня снизится в 1,6 раза"
2025-06-06T19:18,2025-06-06 19:18:00,https://www.interfax.ru//business/1030131,"Рубль в пятницу немного снизился к юаню, не отреагировав на решение ЦБ по ставке"
2025-06-06T19:00,2025-06-06 19:00:00,https://www.interfax.ru//moscow/1030124,Рынок акций РФ завершил неделю откатом ниже 2800 пунктов по индексу МосБиржи
2025-06-06T18:52,2025-06-06 18:52:00,https://www.interfax.ru//business/1030127,Из-за реформы швейцарскому банку UBS придется увеличить резервы на $26 млрд
2025-06-06T18:45,2025-06-06 18:45:00,https://www.interfax.ru//business/1030125,"Brent подорожала до $66,21 за баррель"
2025-06-06T18:39,2025-06-06 18:39:00,https://www.interfax.ru//business/1030122,ЦБ РФ объявил о новом этапе автоматической конвертации депозитарных расписок
2025-06-06T18:23,2025-06-06 18:23:00,https://www.interfax.ru//business/1030119,Продажи зерна из госфонда РФ на этой неделе выросли почти на 35%
2025-06-06T18:15,2025-06-06 18:15:00,https://www.interfax.ru//world/1030116,ЕК ищет компромиссную замену завершившимся автономным торговым мерам для Украины
2025-06-06T18:04,2025-06-06 18:04:00,https://www.interfax.ru//business/1030114,"""КАМАЗ"" планирует начать выпуск малотоннажников ""Компас-3"" во второй половине 2025 года"
2025-06-06T18:02,2025-06-06 18:02:00,https://www.interfax.ru//business/1030115,Путин поручил довести до реализации идею стимулирования выхода компаний на фондовый рынок
2025-06-06T17:55,2025-06-06 17:55:00,https://www.interfax.ru//business/1030109,"""КАМАЗ"" в 2023-24 гг. вложил в модернизацию и импортозамещение 64,3 млрд рублей"
2025-06-06T17:48,2025-06-06 17:48:00,https://www.interfax.ru//world/1030107,Трамп призвал ФРС снизить ставку сразу на 1 процентный пункт
2025-06-06T17:44,2025-06-06 17:44:00,https://www.interfax.ru//business/1030106,Вьетнам получил первую партию СПГ из России
2025-06-06T17:41,2025-06-06 17:41:00,https://www.interfax.ru//russia/1030104,"В ""Балтике"" долю нелегального пива на рынке оценили в 16-22% в зависимости от региона"
2025-06-06T17:36,2025-06-06 17:36:00,https://www.interfax.ru//world/1030103,Минэнерго Израиля одобрило продажу ГНКАР 10% в газовом проекте Тамар
2025-06-06T17:31,2025-06-06 17:31:00,https://www.interfax.ru//russia/1030100,"Суд арестовал активы главы СД ""Вымпелкома"" Торбахова на 1,6 млрд рублей"
2025-06-06T17:25,2025-06-06 17:25:00,https://www.interfax.ru//russia/1030093,"На нацпроект по беспилотникам в ближайшие шесть лет направят ""четверть триллиона рублей"""
2025-06-06T16:58,2025-06-06 16:58:00,https://www.interfax.ru//business/1030091,"Банки РФ в апреле снизили запасы драгметаллов на 0,5 т"
2025-06-06T16:56,2025-06-06 16:56:00,https://www.interfax.ru//business/1030092,"В совет директоров ""Сургутнефтегаза"" выдвинуты 10 кандидатов на 9 мест"
2025-06-06T16:55,2025-06-06 16:55:00,https://www.interfax.ru//business/1030089,Рост экономики России идет ближе к нижней границе прогноза ЦБ на 2025 год
2025-06-06T16:39,2025-06-06 16:39:00,https://www.interfax.ru//russia/1030086,Путин поддержал идею выделения спецлимита на мастер-планы городов ДФО и Арктики
2025-06-06T16:36,2025-06-06 16:36:00,https://www.interfax.ru//business/1030084,Manchester United значительно сократил квартальный убыток
2025-06-06T16:31,2025-06-06 16:31:00,https://www.interfax.ru//business/1030081,ЦБ не видит необходимости в активном использовании инструмента санации
2025-06-06T16:25,2025-06-06 16:25:00,https://www.interfax.ru//business/1030078,"""Сургутнефтегаз"" в 2024 году снизил добычу нефти на 4,8%, газа - на 11,4%"
2025-06-06T16:15,2025-06-06 16:15:00,https://www.interfax.ru//business/1030074,В США в мае число рабочих мест выросло больше прогноза
2025-06-06T16:15,2025-06-06 16:15:00,https://www.interfax.ru//business/1030075,"Международные резервы РФ в мае увеличились на 0,02%, до $680,4 млрд"
2025-06-06T16:11,2025-06-06 16:11:00,https://www.interfax.ru//world/1030072,Лидер Приднестровья отметил шаткость положения в энергетике
2025-06-06T16:11,2025-06-06 16:11:00,https://www.interfax.ru//business/1030057,"""Газпром"" выводит из многолетнего резерва компрессорные мощности в ЯНАО для увеличения поставок"
2025-06-06T16:05,2025-06-06 16:05:00,https://www.interfax.ru//business/1030070,"Шинный дивизион ""Татнефти"" планирует наращивать производство"
2025-06-06T16:02,2025-06-06 16:02:00,https://www.interfax.ru//business/1030068,"В ЦБ отметили, что уверенность в устойчивости валютного курса сейчас выше, чем в апреле"
2025-06-06T16:02,2025-06-06 16:02:00,https://www.interfax.ru//business/1030071,"Прирост запасов нефти Сургутнефтегаза в 2024г составил 56,3 млн т"
2025-06-06T16:00,2025-06-06 16:00:00,https://www.interfax.ru//business/1030069,Банк России 6 июня рассматривал сохранение и снижение ставки
2025-06-06T15:59,2025-06-06 15:59:00,https://www.interfax.ru//business/1030066,"Сбербанк снизит ставки по ипотеке, потребкредитам и основной линейке вкладов"
2025-06-06T15:59,2025-06-06 15:59:00,https://www.interfax.ru//business/1030065,"""Ростелеком"" предложил строить общие для крупных компаний электростанции под ЦОД для ИИ"
2025-06-06T15:58,2025-06-06 15:58:00,https://www.interfax.ru//business/1030067,"В парке ""Белавиа"" появился первый Airbus A330-200"
2025-06-06T15:55,2025-06-06 15:55:00,https://www.interfax.ru//business/1030060,ЦБ допустил разовое ускорение инфляции в июле на фоне роста тарифов ЖКХ
2025-06-06T15:55,2025-06-06 15:55:00,https://www.interfax.ru//russia/1030063,В России утвердили правила подготовки типовой проектной документации
2025-06-06T15:46,2025-06-06 15:46:00,https://www.interfax.ru//business/1030059,Банк России в июле может снизить прогноз по инфляции
2025-06-06T15:38,2025-06-06 15:38:00,https://www.interfax.ru//business/1030055,Глава ЦБ РФ отмечает наличие баланса спроса и предложения валюты на внутреннем рынке
2025-06-06T15:35,2025-06-06 15:35:00,https://www.interfax.ru//business/1030049,"Корпоративное кредитование в РФ активизировалось, но оно все еще у нижней границы прогноза"
2025-06-06T15:32,2025-06-06 15:32:00,https://www.interfax.ru//russia/1030052,"Гендиректор ""Балтики"" назвал употребление пива на стадионах частью культуры ""боления"""
2025-06-06T15:30,2025-06-06 15:30:00,https://www.interfax.ru//business/1030047,Глава ЦБ отметила неоднородность динамики роста внутреннего спроса по отраслям
2025-06-06T15:29,2025-06-06 15:29:00,https://www.interfax.ru//business/1030051,"Прибыли компаний из индекса DAX в 2026 году будут расти быстрее, чем из S&P 500"
2025-06-06T15:27,2025-06-06 15:27:00,https://www.interfax.ru//russia/1030050,Набиуллина не исключила повышение ставки ЦБ в случае торможения спада инфляции
2025-06-06T15:25,2025-06-06 15:25:00,https://www.interfax.ru//business/1030044,"Набиуллина отметила, что ЦБ стал более уверен в устойчивости дезинфляционных процессов"
2025-06-06T15:23,2025-06-06 15:23:00,https://www.interfax.ru//business/1030045,"Йельский университет близок к продаже инвестпортфеля на $2,5 млрд"
2025-06-06T15:22,2025-06-06 15:22:00,https://www.interfax.ru//business/1030043,"Продажи дизтоплива на бирже в мае выросли на 7%, бензина – снизились почти на 17%"
2025-06-06T15:19,2025-06-06 15:19:00,https://www.interfax.ru//business/1030039,"Укрепление рубля уменьшило ""кубышку"" ""Сургутнефтегаза"" в I квартал на 700 млрд рублей"
2025-06-06T14:57,2025-06-06 14:57:00,https://www.interfax.ru//business/1030036,JPMorgan повысил прогноз для S&P 500 на конец года
2025-06-06T14:53,2025-06-06 14:53:00,https://www.interfax.ru//business/1030034,"Цена Brent стабилизировалась у $65,32 за баррель"
2025-06-06T14:41,2025-06-06 14:41:00,https://www.interfax.ru//business/1030030,Segezha может почти наполовину обновить состав совета директоров
2025-06-06T14:37,2025-06-06 14:37:00,https://www.interfax.ru//business/1030028,"АО ""Руст Россия"" стало напрямую владеть двумя дочерними компаниями"
2025-06-06T14:31,2025-06-06 14:31:00,https://www.interfax.ru//russia/1030024,ВС разрешил использовать в рекламе оригинальной продукции бренды без согласия правообладателя
2025-06-06T14:23,2025-06-06 14:23:00,https://www.interfax.ru//business/1030023,"""Балтика"" хочет вернуть на рынок свои бренды пива"
2025-06-06T14:19,2025-06-06 14:19:00,https://www.interfax.ru//russia/1030020,"Прокуратура проверит соблюдение прав сотрудников ""Ростсельмаша"""
2025-06-06T14:15,2025-06-06 14:15:00,https://www.interfax.ru//business/1030019,Число нефтегазовых буровых в мире в мае снизилось из-за Северной Америки
2025-06-06T14:13,2025-06-06 14:13:00,https://www.interfax.ru//business/1030015,Позитивная реакция рынка акций РФ на решение ЦБ по ставке оказалась короткой
2025-06-06T14:13,2025-06-06 14:13:00,https://www.interfax.ru//business/1030017,МТС находится в активной проработке pre-IPO сделок
2025-06-06T14:12,2025-06-06 14:12:00,https://www.interfax.ru//business/1030018,ЦБ намерен поддерживать жесткость ДКУ продолжительное время
2025-06-06T14:10,2025-06-06 14:10:00,https://www.interfax.ru//business/1030016,Цены ОФЗ перешли к росту после решения ЦБ РФ снизить ключевую ставку до 20%
2025-06-06T14:01,2025-06-06 14:01:00,https://www.interfax.ru//business/1030013,"Банк России сообщил о снижении текущего инфляционного давления, в том числе устойчивого"
2025-06-06T13:55,2025-06-06 13:55:00,https://www.interfax.ru//business/1030012,Рубль не изменился к юаню на решении ЦБ РФ понизить ключевую ставку до 20%
2025-06-06T13:53,2025-06-06 13:53:00,https://www.interfax.ru//business/1030010,РФ за 5 месяцев увеличила экспорт пшеницы в страны Западной Африки на 38%
2025-06-06T13:50,2025-06-06 13:50:00,https://www.interfax.ru//business/1030008,Отклонение экономики России вверх от траектории сбалансированного роста уменьшается
2025-06-06T13:47,2025-06-06 13:47:00,https://www.interfax.ru//business/1030006,Рынок акций РФ ускорил рост после решения ЦБ снизить ставку до 20%
2025-06-06T13:47,2025-06-06 13:47:00,https://www.interfax.ru//business/1030007,Банк России отметил продолжающееся снижение дефицита кадров
2025-06-06T13:45,2025-06-06 13:45:00,https://www.interfax.ru//business/1030005,Набсовет МКБ рекомендовал акционерам банка отказаться от выплаты дивидендов-2024
2025-06-06T13:40,2025-06-06 13:40:00,https://www.interfax.ru//world/1030003,Разработчик японского зонда назвал причину неудачной посадки на Луну
2025-06-06T13:35,2025-06-06 13:35:00,https://www.interfax.ru//business/1030001,ЦБ отметил небольшое уменьшение проинфляционных рисков
2025-06-06T13:33,2025-06-06 13:33:00,https://www.interfax.ru//chronicle/stavka-cb-rf.html,
2025-06-06T13:29,2025-06-06 13:29:00,https://www.interfax.ru//business/1029999,Equinor к 2050 году прогнозирует развилку спроса на нефть 24-101 млн б/с
2025-06-06T13:17,2025-06-06 13:17:00,https://www.interfax.ru//business/1029996,"ГК ""Солар"" отметила рост совокупной выручки ИБ-стартапов в РФ в 2024 году на 42%"
2025-06-06T13:12,2025-06-06 13:12:00,https://www.interfax.ru//business/1029995,"Юрлицо ""Кухни на районе"" сменило владельца"
2025-06-06T13:06,2025-06-06 13:06:00,https://www.interfax.ru//russia/1029988,"""Росхим"" приобрел госпакет Башкирской содовой компании"
2025-06-06T12:57,2025-06-06 12:57:00,https://www.interfax.ru//business/1029986,Основной владелец Achemos grupe воздержится от продажи компании до завершения суда с миноритарием
2025-06-06T12:19,2025-06-06 12:19:00,https://www.interfax.ru//business/1029977,"В набсовет ВТБ номинированы президент ""НПФ Газфонд"" и гендиректор УК ""Лидер"""
2025-06-06T12:12,2025-06-06 12:12:00,https://www.interfax.ru//business/1029975,"Оценка роста ВВП еврозоны в I квартале улучшена до 0,6%"
2025-06-06T11:55,2025-06-06 11:55:00,https://www.interfax.ru//business/1029973,Новым куратором финтех-вертикали МТС станет предправления МТС-банка Иссопов
2025-06-06T11:55,2025-06-06 11:55:00,https://www.interfax.ru//business/1029972,"Продажи чипов в мире в апреле выросли на 22,7% в годовом исчислении"
2025-06-06T11:51,2025-06-06 11:51:00,https://www.interfax.ru//business/1029971,"Глава ЦБ Франции считает, что ЕЦБ победил инфляцию"
2025-06-06T11:47,2025-06-06 11:47:00,https://www.interfax.ru//business/1029970,"Совет директоров ""Мечела"" рекомендовал не платить дивиденды за 2024 год"
2025-06-06T11:46,2025-06-06 11:46:00,https://www.interfax.ru//business/1029968,"""Сургутнефтегаз"" в I квартале получил 439,7 млрд рублей чистого убытка"
2025-06-06T11:23,2025-06-06 11:23:00,https://www.interfax.ru//business/1029965,Goodyear планирует закрыть производство в ЮАР и сократить 900 рабочих мест
2025-06-06T11:22,2025-06-06 11:22:00,https://www.interfax.ru//russia/1029964,"В повестку ГОСА ""РусГидро"" внесен вопрос о дивидендах, но рекомендации пока нет"
2025-06-06T11:20,2025-06-06 11:20:00,https://www.interfax.ru//business/1029962,В Великобритании в мае рост цен на жилье замедлился до минимума с июля
2025-06-06T11:11,2025-06-06 11:11:00,https://www.interfax.ru//business/1029959,Акции владельца Hello Kitty в мае обошли Toyota по объему торгов на бирже Токио
2025-06-06T11:04,2025-06-06 11:04:00,https://www.interfax.ru//business/1029958,"Денежная база в РФ снизилась с 23 по 30 мая на 59,6 млрд рублей"
2025-06-06T10:40,2025-06-06 10:40:00,https://www.interfax.ru//world/1029952,Словакия продолжит поиск вариантов поставки СПГ через Италию
2025-06-06T10:40,2025-06-06 10:40:00,https://www.interfax.ru//business/1029951,"Германия сократила экспорт в РФ в апреле на 5,3% м/м, импорт из РФ упал на 22,6%"
2025-06-06T10:37,2025-06-06 10:37:00,https://www.interfax.ru//business/1029950,"Акции ""Ленты"" подорожали на 5% на новости о возможной покупке гипермаркетов ""Магнита"""
2025-06-06T10:19,2025-06-06 10:19:00,https://www.interfax.ru//business/1029941,В СНГ создадут единые правовые основы трансграничного банкротства
2025-06-06T10:17,2025-06-06 10:17:00,https://www.interfax.ru//business/1029945,"В Евросоюзе задумались о включении России в ""серый список"" по отмыванию"
2025-06-06T10:13,2025-06-06 10:13:00,https://www.interfax.ru//business/1029944,"Основная сессия на ""Мосбирже"" открылась незначительными изменениями индексов"
2025-06-06T10:11,2025-06-06 10:11:00,https://www.interfax.ru//business/1029943,Рубль утром снижается в паре с юанем
2025-06-06T09:48,2025-06-06 09:48:00,https://www.interfax.ru//business/1029940,"""Газпром"" подал иск к ""Нафтогазу Украины"""
2025-06-06T09:24,2025-06-06 09:24:00,https://www.interfax.ru//business/1029935,Капитализация Tesla рухнула на $153 млрд из-за перепалки Маска с Трампом
2025-06-06T09:06,2025-06-06 09:06:00,https://www.interfax.ru//world/1029933,"Промпроизводство в Германии в апреле снизилось на 1,4%, хуже прогноза"
2025-06-06T08:54,2025-06-06 08:54:00,https://www.interfax.ru//business/1029931,"""Лента"" рассматривает возможность покупки гипермаркетов сети ""Магнит"""
2025-06-06T08:38,2025-06-06 08:38:00,https://www.interfax.ru//business/1029930,ЦБ Индии неожиданно снизил ключевую ставку на 50 б.п.
2025-06-06T08:30,2025-06-06 08:30:00,https://www.interfax.ru//business/1029928,"Нефть Brent подешевела до $65,14 за баррель"
2025-06-05T21:31,2025-06-05 21:31:00,https://www.interfax.ru//world/1029878,МЭА прогнозирует падение инвестиций в мировую добычу нефти и газа в 2025 г. впервые за 5 лет
2025-06-05T20:50,2025-06-05 20:50:00,https://www.interfax.ru//business/1029874,Резидентам ОЭЗ в Калининграде сохранят старые условия по налогу на прибыль
2025-06-05T20:45,2025-06-05 20:45:00,https://www.interfax.ru//business/1029873,"ГК ""Руст"" в 2024 году увеличила продажи ключевых водочных брендов"
2025-06-05T20:32,2025-06-05 20:32:00,https://www.interfax.ru//business/1029871,"""Синара-ТМ"" начала разработку поезда для ускоренной укладки ж/д путей"
2025-06-05T20:24,2025-06-05 20:24:00,https://www.interfax.ru//world/1029869,"Реальные доходы населения ФРГ в I квартале выросли на 1,2% г/г"
2025-06-05T20:20,2025-06-05 20:20:00,https://www.interfax.ru//business/1029866,"ВС постановил, что иски группы физлиц - держателей евробондов должны рассматривать арбитражные суды"
2025-06-05T19:59,2025-06-05 19:59:00,https://www.interfax.ru//business/1029865,"АФК ""Система"" в I квартале нарастила выручку на 8,4%"
2025-06-05T19:56,2025-06-05 19:56:00,https://www.interfax.ru//world/1029863,Ставки по ипотеке в США на прошлой неделе снизились впервые с начала мая
2025-06-05T19:54,2025-06-05 19:54:00,https://www.interfax.ru//world/1029864,Британская финтех-компания Wise перенесет первичный листинг в США из Лондона
2025-06-05T19:38,2025-06-05 19:38:00,https://www.interfax.ru//business/1029859,СПБ биржа не будет выплачивать дивиденды за 2024 год
2025-06-05T19:23,2025-06-05 19:23:00,https://www.interfax.ru//business/1029856,Рубль в четверг немного укрепился в паре с юанем в ожидании заседания ЦБ по ставке
2025-06-05T19:17,2025-06-05 19:17:00,https://www.interfax.ru//business/1029855,СПБ биржа подала заявление в OFAC на исключение из санкционного списка
2025-06-05T19:13,2025-06-05 19:13:00,https://www.interfax.ru//world/1029854,Трамп хотел бы продавать Германии нефть и газ
2025-06-05T19:07,2025-06-05 19:07:00,https://www.interfax.ru//business/1029852,"Американский оборонный стартап Anduril привлек $2,5 млрд и оценен в $30,5 млрд"
2025-06-05T18:58,2025-06-05 18:58:00,https://www.interfax.ru//business/1029850,Рынок акций РФ в четверг превысил 2850п по индексу МосБиржи
2025-06-05T18:33,2025-06-05 18:33:00,https://www.interfax.ru//business/1029845,Доходность гособлигаций США растет после разговора Трампа с Си Цзиньпином
2025-06-05T18:20,2025-06-05 18:20:00,https://www.interfax.ru//business/1029841,"Общие сборы страховщиков ОСАГО в I квартале увеличились на 1,4%, выплаты снизились на 1%"
2025-06-05T18:07,2025-06-05 18:07:00,https://www.interfax.ru//business/1029838,"Нефть Brent подорожала до $65,8 за баррель"
2025-06-05T17:34,2025-06-05 17:34:00,https://www.interfax.ru//business/1029831,"Премии по автокаско в I квартале снизились на 2,4%, выплаты выросли почти в 1,5 раза"
2025-06-05T17:33,2025-06-05 17:33:00,https://www.interfax.ru//business/1029833,Цены на серебро обновили максимум за 13 лет
2025-06-05T17:22,2025-06-05 17:22:00,https://www.interfax.ru//business/1029829,Anglo American готовится начать официальную процедуру продажи De Beers
2025-06-05T17:01,2025-06-05 17:01:00,https://www.interfax.ru//business/1029823,"Бывший завод ""Ставрополь Авто"" продали на торгах за 2,25 млрд рублей"
2025-06-05T16:59,2025-06-05 16:59:00,https://www.interfax.ru//business/1029825,Сталепроизводители в мае сократили объем экспорта по сети РЖД почти на 10% м/м
2025-06-05T16:56,2025-06-05 16:56:00,https://www.interfax.ru//business/1029824,"""Газпром"" после десяти лет попыток продал жилой комплекс на Кубани"
2025-06-05T16:52,2025-06-05 16:52:00,https://www.interfax.ru//business/1029822,"Лагард заявила, что ЕЦБ приближается к окончанию цикла снижения ставок"
2025-06-05T16:45,2025-06-05 16:45:00,https://www.interfax.ru//russia/1029818,Власти договорились о строительстве международного терминала в аэропорту Челябинска
2025-06-05T16:31,2025-06-05 16:31:00,https://www.interfax.ru//business/1029817,Лагард твердо намерена остаться руководителем ЕЦБ до конца срока
2025-06-05T16:27,2025-06-05 16:27:00,https://www.interfax.ru//business/1029816,Решение ЕЦБ снизить ставки на 25 б.п. было почти единогласным
2025-06-05T16:24,2025-06-05 16:24:00,https://www.interfax.ru//business/1029814,"""Акрон"" в 2024 году сохранил capex почти на прошлогоднем уровне - $0,5 млрд"
2025-06-05T16:12,2025-06-05 16:12:00,https://www.interfax.ru//russia/1029812,"Из шахты ""Листвяжная"" ""СДС-Угля"" вывели всех горняков из-за пожара на подстанции"
2025-06-05T16:11,2025-06-05 16:11:00,https://www.interfax.ru//business/1029810,"Международные резервы России с 23 по 30 мая увеличились на $0,2 млрд"
2025-06-05T16:03,2025-06-05 16:03:00,https://www.interfax.ru//business/1029808,В Индонезии ввели меры стимулирования потребления
2025-06-05T16:03,2025-06-05 16:03:00,https://www.interfax.ru//world/1029806,Объем золота в ETF в мае снизился на 19 т
2025-06-05T16:01,2025-06-05 16:01:00,https://www.interfax.ru//business/1029807,Dr. Martens снизил годовую выручку на 10%
2025-06-05T15:58,2025-06-05 15:58:00,https://www.interfax.ru//business/1029805,В США в I квартале производительность труда упала сильнее прогноза
2025-06-05T15:50,2025-06-05 15:50:00,https://www.interfax.ru//russia/1029801,"Юлия Высоцкая стала совладельцем более чем 40 компаний сети аптек ""Планета здоровья"""
2025-06-05T15:43,2025-06-05 15:43:00,https://www.interfax.ru//business/1029799,Kimberly-Clark подтвердила продажу части зарубежного бизнеса по выпуску бумажной продукции
2025-06-05T15:42,2025-06-05 15:42:00,https://www.interfax.ru//world/1029800,"Внешнеторговый дефицит США в апреле упал в 2,2 раза до минимума с августа 2023 года"
2025-06-05T15:39,2025-06-05 15:39:00,https://www.interfax.ru//business/1029798,В США число заявок на пособие по безработице неожиданно выросло до максимума с октября
2025-06-05T15:37,2025-06-05 15:37:00,https://www.interfax.ru//business/1029796,"""Газпром"" увеличил полезное использование попутного газа в 2024 году"
2025-06-05T15:34,2025-06-05 15:34:00,https://www.interfax.ru//business/1029795,"Банк России отметил замедление роста числа ""квалов"" после повышения имущественного ценза"
2025-06-05T15:29,2025-06-05 15:29:00,https://www.interfax.ru//business/1029794,ЕЦБ снизил прогноз инфляции в еврозоне на 2025-2026 годы
2025-06-05T15:28,2025-06-05 15:28:00,https://www.interfax.ru//business/1029793,Европейский центральный банк снизил процентные ставки на 25 базисных пунктов
2025-06-05T15:26,2025-06-05 15:26:00,https://www.interfax.ru//business/1029791,"Средняя максимальная ставка по вкладам топ-10 банков в III декаде мая опустилась до 19,39%"
2025-06-05T15:18,2025-06-05 15:18:00,https://www.interfax.ru//business/1029788,"Официальная оценка численности персонала ""Газпрома"" в 2024 году значительно выросла"
2025-06-05T15:09,2025-06-05 15:09:00,https://www.interfax.ru//russia/1029784,Минэнерго оценит состояние угольной отрасли после II квартала
2025-06-05T15:06,2025-06-05 15:06:00,https://www.interfax.ru//business/1029785,"""Газпром"" в 2024 году увеличил поставки газа в Узбекистан на 4,4 млрд куб. м"
2025-06-05T15:04,2025-06-05 15:04:00,https://www.interfax.ru//business/1029783,"Brent подорожала до $65,06 за баррель"
2025-06-05T14:57,2025-06-05 14:57:00,https://www.interfax.ru//russia/1029780,"Подрядчик хочет через суд взыскать с Якутугля ""Мечела"" 4,2 млрд рублей"
2025-06-05T14:53,2025-06-05 14:53:00,https://www.interfax.ru//russia/1029779,"Потребление газа в России в 2024 году выросло на 5,2%, до 521,5 млрд кубометров"
2025-06-05T14:44,2025-06-05 14:44:00,https://www.interfax.ru//business/1029777,"Petronas сообщила, что не будет выходить из канадского бизнеса"
2025-06-05T14:36,2025-06-05 14:36:00,https://www.interfax.ru//russia/1029773,"Власти Кузбасса хотят гарантий, что бонусы от льгот для углепрома получат именно угольщики"
2025-06-05T14:00,2025-06-05 14:00:00,https://www.interfax.ru//business/1029760,"Инфляция в ОЭСР в апреле осталась на минимуме с июля 2021 г. - 4,2%"
2025-06-05T13:46,2025-06-05 13:46:00,https://www.interfax.ru//business/1029758,Несколько банков Казахстана запустили криптокарты
2025-06-05T13:41,2025-06-05 13:41:00,https://www.interfax.ru//business/1029754,Нацбанк Казахстана ухудшил прогноз цены Brent на 2025 год до $65 за баррель
2025-06-05T13:41,2025-06-05 13:41:00,https://www.interfax.ru//business/1029756,Апелляция отказала Богданчикову в иске к Т-банку о переводе акций
2025-06-05T13:26,2025-06-05 13:26:00,https://www.interfax.ru//world/1029752,Китайский регулятор задерживает рассмотрение совместных ИИ-продуктов Apple и Alibaba
2025-06-05T13:21,2025-06-05 13:21:00,https://www.interfax.ru//business/1029749,"""Микран"" ликвидирует компанию-оператора фабрики микросхем"
2025-06-05T13:08,2025-06-05 13:08:00,https://www.interfax.ru//business/1029748,Оценка инфляции в Великобритании в апреле была завышена из-за ошибок в расчетах
2025-06-05T12:15,2025-06-05 12:15:00,https://www.interfax.ru//business/1029736,Трейдер Trafigura сократил полугодовую выручку на 4% при росте прибыли
2025-06-05T12:12,2025-06-05 12:12:00,https://www.interfax.ru//business/1029735,Пекин заявил об ущербе международной торговле из-за пошлин США на сталь и алюминий
2025-06-05T12:08,2025-06-05 12:08:00,https://www.interfax.ru//world/1029732,"В Таиланде не исключают запуска оплаты картами ""Мир"""
2025-06-05T12:07,2025-06-05 12:07:00,https://www.interfax.ru//business/1029733,"""Ростелеком"" разместил ЦФА на 3 млрд рублей под 21,4% годовых"
2025-06-05T11:58,2025-06-05 11:58:00,https://www.interfax.ru//russia/1029728,Российский агробизнес за пять лет вложил 17 млрд руб. в социальное развитие села
2025-06-05T11:58,2025-06-05 11:58:00,https://www.interfax.ru//business/1029730,Procter & Gamble планирует сократить 7 тысяч рабочих мест за два года
2025-06-05T11:52,2025-06-05 11:52:00,https://www.interfax.ru//business/1029729,"Citigroup сократит 3,5 тысячи технологических специалистов в Китае"
2025-06-05T11:44,2025-06-05 11:44:00,https://www.interfax.ru//business/1029726,В России число выданных ипотек на индивидуальное жилье упало в четыре раза
2025-06-05T11:32,2025-06-05 11:32:00,https://www.interfax.ru//world/1029724,Индонезия задумалась о покупке у Китая истребителей J-10
2025-06-05T11:31,2025-06-05 11:31:00,https://www.interfax.ru//business/1029725,Еврокомиссия разрешит UniCredit купить конкурирующий Banco BPM
2025-06-05T11:08,2025-06-05 11:08:00,https://www.interfax.ru//business/1029720,"""Новая перевозочная компания"" меняет гендиректора"
2025-06-05T11:01,2025-06-05 11:01:00,https://www.interfax.ru//business/1029717,"Kimberly-Clark продаст зарубежные активы по выпуску салфеток за $3,5 млрд"
2025-06-05T10:54,2025-06-05 10:54:00,https://www.interfax.ru//business/1029716,"Владельцы облигаций ЛК ""Эволюция"" получили право требовать досрочного погашения бондов"
2025-06-05T10:45,2025-06-05 10:45:00,https://www.interfax.ru//russia/1029713,В Челябинске закрытие электродного производства ЧЭМК завершится к июлю
2025-06-05T10:35,2025-06-05 10:35:00,https://www.interfax.ru//business/1029712,МосБиржа 10 июня запустит фьючерсы на апельсиновый сок
2025-06-05T10:14,2025-06-05 10:14:00,https://www.interfax.ru//business/1029710,"Основная сессия на ""Мосбирже"" открылась ростом индексов на 0,6%"
2025-06-05T10:13,2025-06-05 10:13:00,https://www.interfax.ru//business/1029708,"Рубль немного подешевел к доллару, участники рынка ждут пятничного заседания ЦБ по ставке"
2025-06-05T10:11,2025-06-05 10:11:00,https://www.interfax.ru//russia/1029709,Хуснуллин не исключил сильное сокращение ввода жилья в 2027 году
2025-06-05T10:06,2025-06-05 10:06:00,https://www.interfax.ru//business/1029706,"Число пользователей Whoosh в Южной Америке за 5 месяцев выросло в 2,9 раза"
2025-06-05T09:55,2025-06-05 09:55:00,https://www.interfax.ru//business/1029703,"""Аэрофлот"" надеется к июлю завершить страховое урегулирование по 36 самолетам"
2025-06-05T09:37,2025-06-05 09:37:00,https://www.interfax.ru//russia/1029701,Fix Price объявила о начале обмена GDR на акции российского ПАО
2025-06-05T09:04,2025-06-05 09:04:00,https://www.interfax.ru//business/1029696,"Заказы промпредприятий Германии в апреле неожиданно выросли на 0,6%"
2025-06-05T08:58,2025-06-05 08:58:00,https://www.interfax.ru//business/1029695,"""Эйч энд Эн"" увеличил выпуск современной молочной продукции на 27%, традиционной - на 14%"
2025-06-05T08:40,2025-06-05 08:40:00,https://www.interfax.ru//business/1029694,"Оценка спада ВВП Южной Кореи в I квартале подтверждена на уровне 0,2%"
2025-06-05T08:37,2025-06-05 08:37:00,https://www.interfax.ru//business/1029693,"Brent подешевела до $64,71 за баррель"
2025-06-05T07:23,2025-06-05 07:23:00,https://www.interfax.ru//russia/1029683,Рынок акций РФ открылся в утреннюю сессию незначительным изменением индекса IMOEX2
2025-06-05T06:38,2025-06-05 06:38:00,https://www.interfax.ru//world/1029680,Экономическая активность в США немного снизилась в конце весны
2025-06-05T06:34,2025-06-05 06:34:00,https://www.interfax.ru//world/1029679,Фондовые индексы США завершили торги среды без единой динамики
2025-06-05T06:02,2025-06-05 06:02:00,https://www.interfax.ru//world/1029677,Европейские рынки акций в основном завершили сессию в плюсе
2025-06-04T21:52,2025-06-04 21:52:00,https://www.interfax.ru//world/1029650,Маск призвал полностью переделать предложенный Трампом проект бюджета США
2025-06-04T21:38,2025-06-04 21:38:00,https://www.interfax.ru//business/1029644,"""Мосбиржа"" допустила акции ""Фикс прайс"" к торгам с 9 июля"
2025-06-04T21:33,2025-06-04 21:33:00,https://www.interfax.ru//business/1029648,Трамп выступил за отказ от лимита госдолга США
2025-06-04T20:29,2025-06-04 20:29:00,https://www.interfax.ru//business/1029635,Amazon инвестирует $10 млрд в ИИ-инфраструктуру в Северной Каролине
2025-06-04T20:23,2025-06-04 20:23:00,https://www.interfax.ru//world/1029634,Еврокомиссия выделит 175 млн евро для восстановления в Сирии
2025-06-04T20:21,2025-06-04 20:21:00,https://www.interfax.ru//world/1029633,GIA в 2025 году прекратит оценивать искусственные бриллианты по стандартам натуральных
2025-06-04T20:11,2025-06-04 20:11:00,https://www.interfax.ru//business/1029630,Саудовская Аравия в июле существенно повысит цены на нефть для Европы
2025-06-04T20:05,2025-06-04 20:05:00,https://www.interfax.ru//russia/1029629,"Минэнерго заявило, что внутренний рынок России полностью обеспечен автомобильным топливом"
2025-06-04T19:49,2025-06-04 19:49:00,https://www.interfax.ru//business/1029626,Большинство экспертов ждут сохранения ставки Банка России на уровне 21%
2025-06-04T19:41,2025-06-04 19:41:00,https://www.interfax.ru//russia/1029625,"Госпакет ""Корпорации морского приборостроения"" для передачи ОСК оценен в 61 млрд рублей"
2025-06-04T19:39,2025-06-04 19:39:00,https://www.interfax.ru//business/1029624,"Производство полимеров в РФ в апреле выросло на 2,2% г/г, каучуков – на 0,9%"
2025-06-04T19:38,2025-06-04 19:38:00,https://www.interfax.ru//russia/1029623,"Глава Картофельного союза увидел тенденцию к снижению стоимости ""борщевого набора"""
2025-06-04T19:37,2025-06-04 19:37:00,https://www.interfax.ru//business/1029622,"Перевозки грузов речным транспортом в РФ в апреле сократились на 39,3% г/г"
2025-06-04T19:36,2025-06-04 19:36:00,https://www.interfax.ru//russia/1029621,Туроператоры сообщили о росте спроса на шенгенские визы на 50-60% в 2025 году
2025-06-04T19:35,2025-06-04 19:35:00,https://www.interfax.ru//business/1029620,"Грузооборот транспорта в РФ снизился в январе-апреле на 0,1%, в апреле – вырос на 1,6%"
2025-06-04T19:33,2025-06-04 19:33:00,https://www.interfax.ru//russia/1029619,"Росстат сообщил о росте цены производителей на бензин в апреле на 2,2%"
2025-06-04T19:32,2025-06-04 19:32:00,https://www.interfax.ru//business/1029618,"Производство сельхозпродукции в РФ в апреле выросло на 1,4%, за 4 месяца – на 1,6%"
2025-06-04T19:24,2025-06-04 19:24:00,https://www.interfax.ru//business/1029615,"Объем каршеринговых услуг в РФ в апреле вырос на 7,3%"
2025-06-04T19:21,2025-06-04 19:21:00,https://www.interfax.ru//russia/1029614,"Денежная масса в России в мае выросла на 0,7%, годовой темп увеличился до 15,4%"
2025-06-04T19:20,2025-06-04 19:20:00,https://www.interfax.ru//russia/1029612,"Рубль на волатильных торгах среды на ""Мосбирже"" подешевел к юаню"
2025-06-04T19:20,2025-06-04 19:20:00,https://www.interfax.ru//business/1029613,"Минэкономразвития зафиксировало рост ВВП РФ в апреле до 1,9%"
2025-06-04T19:16,2025-06-04 19:16:00,https://www.interfax.ru//business/1029610,"Доля прибыльных хозяйств в растениеводстве и животноводстве в I квартале выросла до 79,4%"
2025-06-04T19:16,2025-06-04 19:16:00,https://www.interfax.ru//business/1029611,Сальдированная прибыль розничной торговли РФ в I квартале выросла на 15%
2025-06-04T19:15,2025-06-04 19:15:00,https://www.interfax.ru//business/1029608,"Сальдированная прибыль предприятий РФ за I квартал выросла на 4,2%"
2025-06-04T19:14,2025-06-04 19:14:00,https://www.interfax.ru//business/1029609,"Бензин в России с 27 мая по 2 июня подорожал на 0,11%"
2025-06-04T19:11,2025-06-04 19:11:00,https://www.interfax.ru//business/1029606,"Предпринимательская уверенность в России в мае снизилась и в добыче, и в обработке"
2025-06-04T19:11,2025-06-04 19:11:00,https://www.interfax.ru//business/1029607,"Рост выпуска по базовым видам деятельности в РФ в апреле ускорился до 2,0% с 0,9% в марте"
2025-06-04T19:09,2025-06-04 19:09:00,https://www.interfax.ru//business/1029604,"Инвестиции в основной капитал в РФ в I квартале выросли на 8,7%"
2025-06-04T19:08,2025-06-04 19:08:00,https://www.interfax.ru//business/1029605,"Оборот розничной торговли России в апреле вырос на 1,9%"
2025-06-04T19:07,2025-06-04 19:07:00,https://www.interfax.ru//business/1029603,В России рост цен на картофель почти остановился
2025-06-04T19:06,2025-06-04 19:06:00,https://www.interfax.ru//business/1029602,Рост цен на курятину в РФ продолжает замедляться
2025-06-04T19:04,2025-06-04 19:04:00,https://www.interfax.ru//business/1029600,"Рост зарплат в РФ в марте замедлился до 0,1% в реальном выражении с 3,2% в феврале"
2025-06-04T19:04,2025-06-04 19:04:00,https://www.interfax.ru//russia/1029601,"Сальдированный убыток угольных компаний в I квартале составил 79,9 млрд рублей"
2025-06-04T19:03,2025-06-04 19:03:00,https://www.interfax.ru//business/1029598,"Инфляция в России с 27 мая по 2 июня составила 0,05%, годовая замедлилась до 9,7%"
2025-06-04T19:02,2025-06-04 19:02:00,https://www.interfax.ru//business/1029599,"Безработица в РФ в апреле осталась на достигнутом в марте минимальном уровне в 2,3%"
2025-06-04T18:59,2025-06-04 18:59:00,https://www.interfax.ru//business/1029597,Российский рынок акций прервал рост после заявлений Путина об Украине
2025-06-04T18:44,2025-06-04 18:44:00,https://www.interfax.ru//world/1029593,"Банк Канады сохранил ключевую ставку на уровне 2,75 б.п"
2025-06-04T18:44,2025-06-04 18:44:00,https://www.interfax.ru//business/1029592,Саудовская Аравия хочет продолжения ускоренного наращивания квот ОПЕК+
2025-06-04T18:22,2025-06-04 18:22:00,https://www.interfax.ru//business/1029587,Бюджетное управление Конгресса снизило оценку роста госдолга США из-за налоговой реформы
2025-06-04T18:20,2025-06-04 18:20:00,https://www.interfax.ru//business/1029585,"""СПБ биржа"" не будет проводить торги 5 июля"
2025-06-04T18:19,2025-06-04 18:19:00,https://www.interfax.ru//business/1029583,"Апелляционный суд Англии отклонил жалобу Магомедова к ""Транснефти"" о продаже НМТП"
2025-06-04T18:16,2025-06-04 18:16:00,https://www.interfax.ru//business/1029584,Чипмейкер GlobalFoundries вложит $16 млрд в расширение производства в США
2025-06-04T18:13,2025-06-04 18:13:00,https://www.interfax.ru//business/1029582,"Brent подешевела до $65,37 за баррель"
2025-06-04T17:47,2025-06-04 17:47:00,https://www.interfax.ru//russia/1029570,ФАС предлагает обязать рыбаков регистрировать внебиржевые сделки на 19 видов продукции
2025-06-04T17:44,2025-06-04 17:44:00,https://www.interfax.ru//business/1029569,"Верховный суд РФ признал неправомерными ""вечные"" проценты по займу"
2025-06-04T17:41,2025-06-04 17:41:00,https://www.interfax.ru//business/1029567,"Запасы нефти в США сократились на 4,3 млн баррелей за неделю"
2025-06-04T17:21,2025-06-04 17:21:00,https://www.interfax.ru//business/1029559,Мосбиржа с 6 июня добавит 8 акций на утренние и вечерние торги
2025-06-04T17:10,2025-06-04 17:10:00,https://www.interfax.ru//world/1029553,Индекс активности в сфере услуг США в мае упал ниже 50 пунктов впервые с июня
2025-06-04T16:51,2025-06-04 16:51:00,https://www.interfax.ru//business/1029544,Акционеры ТМК одобрили рекомендацию не выплачивать дивиденды за 2024 год
2025-06-04T16:37,2025-06-04 16:37:00,https://www.interfax.ru//business/1029539,"Акционеры ""Соллерса"" утвердили выплату дивидендов за 2024 год в размере 70 руб. на акцию"
2025-06-04T16:29,2025-06-04 16:29:00,https://www.interfax.ru//business/1029537,"Трамп вновь атаковал Пауэлла в своей соцсети, потребовав снижения ставки ФРС"
2025-06-04T16:25,2025-06-04 16:25:00,https://www.interfax.ru//business/1029535,BP не исключает возможности освоения газовых запасов месторождения Карабах
2025-06-04T16:13,2025-06-04 16:13:00,https://www.interfax.ru//business/1029534,Tesla отзывает 172 электромобиля Model Y
2025-06-04T16:12,2025-06-04 16:12:00,https://www.interfax.ru//business/1029532,Иностранные авиакомпании в I кв. стали наращивать долю рынка зарубежных рейсов в РФ
2025-06-04T15:51,2025-06-04 15:51:00,https://www.interfax.ru//business/1029527,"Объединенная компания Wildberries-Russ учредила ""дочку"" в сфере факторинга"
2025-06-04T15:43,2025-06-04 15:43:00,https://www.interfax.ru//business/1029526,TotalEnergies увеличила долю в проекте Lapa на шельфе Бразилии до 48% путем обмена
2025-06-04T15:39,2025-06-04 15:39:00,https://www.interfax.ru//business/1029522,РЖД в мае зафиксировали потери в погрузке на 24 млн т из-за роста необеспеченных заявок
2025-06-04T15:34,2025-06-04 15:34:00,https://www.interfax.ru//business/1029521,Рынки и аналитики ждут снижения ставок ЕЦБ 5 июня на 25 б.п.
2025-06-04T15:10,2025-06-04 15:10:00,https://www.interfax.ru//business/1029516,"Brent стабилизировалась и торгуется у $65,6 за баррель"
2025-06-04T15:08,2025-06-04 15:08:00,https://www.interfax.ru//business/1029517,"Совет директоров ""Абрау-Дюрсо"" рекомендовал дивиденды за 2024 год в 5,01 руб. на акцию"
2025-06-04T15:04,2025-06-04 15:04:00,https://www.interfax.ru//business/1029511,"Апелляция поддержала отказ взыскать с ""Тройка-Д банка"" и четырех физлиц 1,5 млрд руб."
2025-06-04T15:00,2025-06-04 15:00:00,https://www.interfax.ru//business/1029514,ЕК объявила о готовности Болгарии перейти на евро с 1 января 2026 года
2025-06-04T14:43,2025-06-04 14:43:00,https://www.interfax.ru//business/1029510,Ford отзывает 492 тыс. внедорожников Explorer и 64 тыс. пикапов Maverick
2025-06-04T14:37,2025-06-04 14:37:00,https://www.interfax.ru//world/1029509,Правительство Германии одобрило пакет налоговых льгот для компаний на 46 млрд евро
2025-06-04T14:31,2025-06-04 14:31:00,https://www.interfax.ru//business/1029507,Американская Brookfield инвестирует до $10 млрд в создание дата-центра в Швеции
2025-06-04T14:24,2025-06-04 14:24:00,https://www.interfax.ru//business/1029505,Ставки по ипотеке в США снизились впервые за четыре недели
2025-06-04T14:12,2025-06-04 14:12:00,https://www.interfax.ru//world/1029502,Румыния не сможет быстро отказаться от угля в производстве электроэнергии
2025-06-04T14:03,2025-06-04 14:03:00,https://www.interfax.ru//business/1029498,Золото умеренно дорожает на сохранении неопределенности вокруг пошлин
2025-06-04T13:47,2025-06-04 13:47:00,https://www.interfax.ru//business/1029491,Иммобилизованные активы в Сбере составляют меньше 25% капитала
2025-06-04T13:43,2025-06-04 13:43:00,https://www.interfax.ru//business/1029490,"Надбавка за системную значимость для Сбербанка может вырасти до 2,5%"
2025-06-04T13:21,2025-06-04 13:21:00,https://www.interfax.ru//business/1029483,"Число физлиц с брокерскими счетами на Мосбирже в мае выросло на 287 тыс. до 36,9 млн"
2025-06-04T12:34,2025-06-04 12:34:00,https://www.interfax.ru//business/1029465,"""Газпром"" отметил, что ситуация с закачкой газа в ПХГ Европы становится все более напряженной"
2025-06-04T12:21,2025-06-04 12:21:00,https://www.interfax.ru//russia/1029462,"Минпромторг рассчитывает на скорейшее начало обсуждения законопроекта о ""российской полке"""
2025-06-04T12:17,2025-06-04 12:17:00,https://www.interfax.ru//business/1029461,"Цена Urals в мае для расчета НДПИ определена на уровне $52,08/баррель"
2025-06-04T12:15,2025-06-04 12:15:00,https://www.interfax.ru//business/1029459,В АЕБ прокомментировали майский спад продаж в России новых автомобилей
2025-06-04T12:11,2025-06-04 12:11:00,https://www.interfax.ru//business/1029457,"Нефтяники РФ в мае получили по демпферу 42,5 млрд рублей"
2025-06-04T12:08,2025-06-04 12:08:00,https://www.interfax.ru//world/1029456,Норвегия сократила экспорт морепродуктов в мае впервые за 11 месяцев
2025-06-04T12:07,2025-06-04 12:07:00,https://www.interfax.ru//russia/1029454,"""Ростсельмашу"" для отказа от неоплачиваемых отпусков нужно продавать от 400 машин в месяц"
2025-06-04T12:04,2025-06-04 12:04:00,https://www.interfax.ru//business/1029453,"Минфин РФ с 6 июня уменьшит объем покупки валюты/золота до 1,5 млрд руб. в день"
2025-06-04T11:56,2025-06-04 11:56:00,https://www.interfax.ru//business/1029451,"Сбер, ВТБ, ГПБ и Совкомбанк в мае получили суборды на 300 млрд руб. из ФНБ на ВСМ Москва-Петербург"
2025-06-04T11:39,2025-06-04 11:39:00,https://www.interfax.ru//business/1029443,"Объем ФНБ в мае сократился на 95,43 млрд рублей до 11,696 трлн рублей"
2025-06-04T11:18,2025-06-04 11:18:00,https://www.interfax.ru//business/1029444,Акционеры Warner Bros. проголосовали против выплаты главе компании $52 млн
2025-06-04T11:05,2025-06-04 11:05:00,https://www.interfax.ru//business/1029441,ФРС сняла установленное из-за скандала ограничение на активы Wells Fargo
2025-06-04T10:40,2025-06-04 10:40:00,https://www.interfax.ru//business/1029436,"Т-Банк отметил, что самозапреты почти не повлияли на его динамику выдач кредитов"
2025-06-04T10:16,2025-06-04 10:16:00,https://www.interfax.ru//business/1029434,"Remy Cointreau за фингод снизила чистую прибыль на треть, выручку - на 18%"
2025-06-04T10:15,2025-06-04 10:15:00,https://www.interfax.ru//business/1029433,"Индексы МосБиржи и РТС подросли на 0,7% в начале основной сессии торгов"
2025-06-04T10:10,2025-06-04 10:10:00,https://www.interfax.ru//business/1029432,Рубль утром в среду немного повышается в паре с юанем на МосБирже
2025-06-04T10:07,2025-06-04 10:07:00,https://www.interfax.ru//business/1029431,МТС-банк разместил ЦФА на 5 млрд рублей
2025-06-04T09:57,2025-06-04 09:57:00,https://www.interfax.ru//business/1029428,Китай обсуждает возможность заказа в июле нескольких сотен самолетов Airbus
2025-06-04T09:27,2025-06-04 09:27:00,https://www.interfax.ru//business/1029425,HP Enterprise во II финквартале получила выручку и скорр. прибыль выше прогноза
2025-06-04T09:13,2025-06-04 09:13:00,https://www.interfax.ru//business/1029423,"Индекс PMI сферы услуг РФ в мае поднялся до 52,2 пункта с 50,1 пункта в апреле"
2025-06-04T08:40,2025-06-04 08:40:00,https://www.interfax.ru//business/1029421,"Нефть Brent подешевела до $65,38 за баррель после роста цен в предыдущие два дня"
2025-06-04T08:23,2025-06-04 08:23:00,https://www.interfax.ru//business/1029419,"Продажи Lada в РФ в мае просели сильнее, чем у основных китайских марок"
2025-06-04T07:42,2025-06-04 07:42:00,https://www.interfax.ru//business/1029411,"Рынок акций РФ открылся в утреннюю сессию ростом индекса IMOEX2 на 0,5%"
2025-06-04T07:25,2025-06-04 07:25:00,https://www.interfax.ru//business/1029408,Уолл-стрит закрылась уверенным ростом
2025-06-04T01:56,2025-06-04 01:56:00,https://www.interfax.ru//world/1029402,Трамп повысил пошлины на импорт в США стали и алюминия с 25% до 50%
2025-06-03T20:00,2025-06-03 20:00:00,https://www.interfax.ru//business/1029381,"""Т-Технологии"" не исключили коммерческого партнерства с ""Яндексом"""
2025-06-03T19:26,2025-06-03 19:26:00,https://www.interfax.ru//business/1029375,ВТБ пробил кворум по рублификации бондов СУБ-Т1-2 на 190 млн евро
2025-06-03T19:17,2025-06-03 19:17:00,https://www.interfax.ru//business/1029373,Рубль во вторник немного опустился в паре с юанем
2025-06-03T19:09,2025-06-03 19:09:00,https://www.interfax.ru//business/1029372,"""Т-Технологии"" не видят рисков приостановки ежеквартальной выплаты дивидендов"
2025-06-03T18:59,2025-06-03 18:59:00,https://www.interfax.ru//world/1029370,"Ирландская сеть отелей Dalata отказалась от продажи консорциуму инвесторов за 1,3 млрд евро"
2025-06-03T18:59,2025-06-03 18:59:00,https://www.interfax.ru//business/1029371,Рынок акций РФ во вторник превысил 2830п по индексу МосБиржи на фоне роста нефти
2025-06-03T18:42,2025-06-03 18:42:00,https://www.interfax.ru//world/1029364,Uber назначила COO впервые с 2019 года
2025-06-03T18:33,2025-06-03 18:33:00,https://www.interfax.ru//world/1029360,В Латвии утвердили энергостратегию до 2050 года о росте энергопотребления почти в 3 раза
2025-06-03T18:23,2025-06-03 18:23:00,https://www.interfax.ru//business/1029362,РЖД в ближайшее время станут финансировать проекты по развитию со своего баланса
2025-06-03T18:14,2025-06-03 18:14:00,https://www.interfax.ru//business/1029361,"Нефть ускорила рост, Brent подорожала до $65,72 за баррель"
2025-06-03T17:48,2025-06-03 17:48:00,https://www.interfax.ru//business/1029355,Merck проявляла интерес к покупке швейцарской MoonLake более чем за $3 млрд
